Metode,Num_Rec,User_50,User_10,User_25,Average
CBF,6,1.0,1.0,1.0000000000000002,1.0
CBF,8,1.0,1.0,0.9330127018922196,0.9776709006307399
CBF,10,1.0,1.0,0.9196152422706634,0.9732050807568878
Hybrid,6,0.34364670255861685,0.36863790893490034,0.2544331053951818,0.3222392389628997
Hybrid,8,0.434096447799259,0.44875366214129436,0.24971153790966677,0.37752054928340667
Hybrid,10,0.458195603411489,0.5420784369933873,0.29969514300000966,0.43332306113496205
