Metode,Num_Rec,User_50,User_10,User_25,Average
CBF,6,1.0,1.0,1.0000000000000002,1.0
Hybrid,6,0.30387188031499485,0.34142135623730946,0.37053854698166155,0.33861059451132197
CBF,8,1.0,1.0,1.0000000000000002,1.0
Hybrid,8,0.341359935883033,0.43417336605329926,0.31755041207350926,0.3643612380032805
CBF,10,1.0,1.0,1.0000000000000002,1.0
Hybrid,10,0.3893817737747262,0.40861254206207115,0.30671322534624934,0.3682358470610156
