Metode,Num_Rec,User_Akhmal Dimas Pratama,User_Anastasha,User_Anggia,Average
CBF,3,0.0,0.0,0.0,0.0
Hybrid,3,0.2886751345948129,0.3333333333333334,0.5773502691896258,0.3997862457059241
CBF,8,0.8221088317295951,1.0000000000000002,1.0,0.9407029439098652
Hybrid,8,0.3221144707619628,0.5008598501947554,0.5359038386781471,0.45295938654495504
CBF,10,0.823231281889969,1.0000000000000002,1.0,0.941077093963323
Hybrid,10,0.31091889540971496,0.5368778728748378,0.4765436682609676,0.4414468121818402
